epoch,accuracy,loss,val_accuracy,val_loss
0,0.30125001072883606,0.539400577545166,0.0,0.0
